,CWE_ID,Name,Abstraction,Description,Relationships,URL,cwe_count
0,789,Memory Allocation with Excessive Size Value,Variant,"The product allocates memory based on an untrusted, large size value, but it does not ensure that the size is within expected limits, allowing arbitrary amounts of memory to be allocated. ","1284,770,1325,129,476",https://cwe.mitre.org/data/definitions/789.html,7536
1,194,Unexpected Sign Extension,Variant,"The software performs an operation on a number that causes it to be sign extended when it is transformed into a larger data type. When the original number is negative, this can produce unexpected values that lead to resultant weaknesses. ","681,681,681",https://cwe.mitre.org/data/definitions/194.html,4763
2,606,Unchecked Input for Loop Condition,Base,"The product does not properly check inputs that are used for loop conditions, potentially leading to a denial of service or other consequences because of excessive looping. ",1284,https://cwe.mitre.org/data/definitions/606.html,3651
3,127,Buffer Under-read,Variant,The software reads from a buffer using buffer access mechanisms such as indexes or pointers that reference memory locations prior to the targeted buffer. ,"125,786",https://cwe.mitre.org/data/definitions/127.html,8193
4,23,Relative Path Traversal,Base,"The software uses external input to construct a pathname that should be within a restricted directory, but it does not properly neutralize sequences such as "".."" that can resolve to a location that is outside of that directory. ","22,24,25,26,27,28,29,30,31,32,33,34,35,22,22",https://cwe.mitre.org/data/definitions/23.html,9245
5,122,Heap-based Buffer Overflow,Variant,"A heap overflow condition is a buffer overflow, where the buffer that can be overwritten is allocated in the heap portion of memory, generally meaning that the buffer was allocated using a routine such as malloc(). ","787,788",https://cwe.mitre.org/data/definitions/122.html,25741
6,78,Improper Neutralization of Special Elements used in an OS Command ('OS Command Injection'),Base,"The software constructs all or part of an OS command using externally-influenced input from an upstream component, but it does not neutralize or incorrectly neutralizes special elements that could modify the intended OS command when it is sent to a downstream component. ","88,184",https://cwe.mitre.org/data/definitions/78.html,15808
7,134,Use of Externally-Controlled Format String,Base,"The software uses a function that accepts a format string as an argument, but the format string originates from an external source. ",123,https://cwe.mitre.org/data/definitions/134.html,21114
8,762,Mismatched Memory Management Routines,Variant,"The application attempts to return a memory resource to the system, but it calls a release function that is not compatible with the function that was originally used to allocate that resource. ","763,590",https://cwe.mitre.org/data/definitions/762.html,6230
9,401,Missing Release of Memory after Effective Lifetime,Variant,"The software does not sufficiently track and release allocated memory after it has been used, which slowly consumes remaining memory. ","772,390",https://cwe.mitre.org/data/definitions/401.html,7201
10,319,Cleartext Transmission of Sensitive Information,Base,The software transmits sensitive or security-critical data in cleartext in a communication channel that can be sniffed by unauthorized actors. ,5,https://cwe.mitre.org/data/definitions/319.html,1869
11,119,Improper Restriction of Operations within the Bounds of a Memory Buffer,Class,"The software performs operations on a memory buffer, but it can read from or write to a memory location that is outside of the intended boundary of the buffer. ","120,125,466,786,787,788,805,822,823,824,825,128,129,131,190,193,195,839,843,1257,1260,1339,120,125,787,824,120,123,125,130,786,787,788,805,822,823,824,825,120,123,125,130,786,787,788,805,822,823,824,825",https://cwe.mitre.org/data/definitions/119.html,41982
12,252,Unchecked Return Value,Base,"The software does not check the return value from a method or function, which can prevent it from detecting unexpected states and conditions. ","273,476",https://cwe.mitre.org/data/definitions/252.html,346
13,761,Free of Pointer not at Start of Buffer,Variant,"The application calls free() on a pointer to a memory resource that was allocated on the heap, but the pointer is not at the start of the buffer. ",763,https://cwe.mitre.org/data/definitions/761.html,3809
14,114,Process Control,Class,Executing commands or loading libraries from an untrusted source or in an untrusted environment can cause an application to execute malicious commands (and payloads) on behalf of an attacker. ,73,https://cwe.mitre.org/data/definitions/114.html,2677
15,690,Unchecked Return Value to NULL Pointer Dereference,Compound,"The product does not check for an error after calling a function that can return with a NULL pointer if the function fails, which leads to a resultant NULL pointer dereference. ","252,476,476",https://cwe.mitre.org/data/definitions/690.html,3437
16,195,Signed to Unsigned Conversion Error,Variant,"The software uses a signed primitive and performs a cast to an unsigned primitive, which can produce an unexpected value if the value of the signed primitive can not be represented using an unsigned primitive. ","681,839,681,681",https://cwe.mitre.org/data/definitions/195.html,4977
17,259,Use of Hard-coded Password,Variant,"The software contains a hard-coded password, which it uses for its own inbound authentication or for outbound communication to external components. ","798,321,257,656,798,798",https://cwe.mitre.org/data/definitions/259.html,238
18,605,Multiple Binds to the Same Port,Base,"When multiple sockets are allowed to bind to the same port, other services on that port may be stolen or spoofed. ",,https://cwe.mitre.org/data/definitions/605.html,114
19,121,Stack-based Buffer Overflow,Variant,"A stack-based buffer overflow condition is a condition where the buffer being overwritten is allocated on the stack (i.e., is a local variable or, rarely, a parameter to a function). ","787,788",https://cwe.mitre.org/data/definitions/121.html,16824
20,688,Function Call With Incorrect Variable or Reference as Argument,Variant,"The software calls a function, procedure, or routine, but the caller specifies the wrong variable or reference as one of the arguments, which may lead to undefined behavior and resultant weaknesses. ",628,https://cwe.mitre.org/data/definitions/688.html,49
21,36,Absolute Path Traversal,Base,"The software uses external input to construct a pathname that should be within a restricted directory, but it does not properly neutralize absolute path sequences such as ""/abs/path"" that can resolve to a location that is outside of that directory. ","22,37,38,39,40,22,22",https://cwe.mitre.org/data/definitions/36.html,8718
22,457,Use of Uninitialized Variable,Variant,"The code uses a variable that has not been initialized, leading to unpredictable or unintended results. ","908,456",https://cwe.mitre.org/data/definitions/457.html,2682
23,190,Integer Overflow or Wraparound,Base,"The software performs a calculation that can produce an integer overflow or wraparound, when the logic assumes that the resulting value will always be larger than the original value. This can introduce other weaknesses when the calculation is used for resource management or execution control. ","128,1339",https://cwe.mitre.org/data/definitions/190.html,9843
24,773,Missing Reference to Active File Descriptor or Handle,Variant,"The software does not properly maintain references to a file descriptor or handle, which prevents that file descriptor/handle from being reclaimed. ",771,https://cwe.mitre.org/data/definitions/773.html,3166
25,588,Attempt to Access Child of a Non-structure Pointer,Variant,Casting a non-structure type to a structure type and accessing a field can lead to memory access errors or data corruption. ,,https://cwe.mitre.org/data/definitions/588.html,111
26,680,Integer Overflow to Buffer Overflow,Compound,"The product performs a calculation to determine how much memory to allocate, but an integer overflow can occur that causes less memory to be allocated than expected, leading to a buffer overflow. ",190,https://cwe.mitre.org/data/definitions/680.html,2917
27,369,Divide By Zero,Base,The product divides a value by zero. ,,https://cwe.mitre.org/data/definitions/369.html,5751
28,404,Improper Resource Shutdown or Release,Class,The program does not release or incorrectly releases a resource before it is made available for re-use. ,"262,263,299,459,763,772,1266,239,619,401,459,763,772,401,772,775,761,762,763,772,775",https://cwe.mitre.org/data/definitions/404.html,418
29,590,Free of Memory not on the Heap,Variant,"The application calls free() on a pointer to memory that was not allocated using associated heap allocation functions such as malloc(), calloc(), or realloc(). ","762,123",https://cwe.mitre.org/data/definitions/590.html,5230
30,126,Buffer Over-read,Variant,The software reads from a buffer using buffer access mechanisms such as indexes or pointers that reference memory locations after the targeted buffer. ,"125,788,170",https://cwe.mitre.org/data/definitions/126.html,8650
31,327,Use of a Broken or Risky Cryptographic Algorithm,Class,The use of a broken or risky cryptographic algorithm is an unnecessary risk that may result in the exposure of sensitive information. ,"328,780,916,1240,301,208,916",https://cwe.mitre.org/data/definitions/327.html,531
32,476,NULL Pointer Dereference,Base,"A NULL pointer dereference occurs when the application dereferences a pointer that it expects to be valid, but is NULL, typically causing a crash or exit. ","252,789,1325",https://cwe.mitre.org/data/definitions/476.html,10040
33,764,Multiple Locks of a Critical Resource,Base,"The software locks a critical resource more times than intended, leading to an unexpected state in the system. ",,https://cwe.mitre.org/data/definitions/764.html,1727
34,197,Numeric Truncation Error,Base,Truncation errors occur when a primitive is cast to a primitive of a smaller size and data is lost in the conversion. ,"681,192,194,195,196,681,681",https://cwe.mitre.org/data/definitions/197.html,646
35,415,Double Free,Variant,"The product calls free() twice on the same memory address, potentially leading to modification of unexpected memory locations. ","825,123,416,364",https://cwe.mitre.org/data/definitions/415.html,2609
36,15,External Control of System or Configuration Setting,Base,One or more system settings or configuration elements can be externally controlled by a user. ,,https://cwe.mitre.org/data/definitions/15.html,156
37,427,Uncontrolled Search Path Element,Base,"The product uses a fixed or controlled search path to find resources, but one or more locations in that path can be under the control of unintended actors. ",426,https://cwe.mitre.org/data/definitions/427.html,1836
38,196,Unsigned to Signed Conversion Error,Variant,"The software uses an unsigned primitive and performs a cast to a signed primitive, which can produce an unexpected value if the value of the unsigned primitive can not be represented using a signed primitive. ","681,120,124,681,681",https://cwe.mitre.org/data/definitions/196.html,1622
39,124,Buffer Underwrite ('Buffer Underflow'),Base,The software writes to a buffer using an index or pointer that references a memory location prior to the beginning of the buffer. ,"787,786,839",https://cwe.mitre.org/data/definitions/124.html,10356
40,226,Sensitive Information in Resource Not Removed Before Reuse,Base,"When a device releases a resource such as memory or a file for reuse by other entities, information contained in the resource is not fully cleared prior to reuse of the resource. ","212,459,244,1239,1272,1301,201",https://cwe.mitre.org/data/definitions/226.html,257
41,244,Improper Clearing of Heap Memory Before Release ('Heap Inspection'),Variant,"Using realloc() to resize buffers that store sensitive information can leave the sensitive information exposed to attack, because it is not removed from memory. ",226,https://cwe.mitre.org/data/definitions/244.html,372
42,535,Exposure of Information Through Shell Error Message,Variant,"A command shell error message indicates that there exists an unhandled exception in the web application code. In many cases, an attacker can leverage the conditions that cause these errors in order to gain unauthorized access to the system. ",211,https://cwe.mitre.org/data/definitions/535.html,105
43,366,Race Condition within a Thread,Base,"If two threads of execution use a resource simultaneously, there exists the possibility that resources may be used while invalid, in turn making the state of execution undefined. ",365,https://cwe.mitre.org/data/definitions/366.html,461
44,475,Undefined Behavior for Input to API,Base,The behavior of this function is undefined unless its control parameter is set to a specific value. ,,https://cwe.mitre.org/data/definitions/475.html,73
45,90,Improper Neutralization of Special Elements used in an LDAP Query ('LDAP Injection'),Base,"The software constructs all or part of an LDAP query using externally-influenced input from an upstream component, but it does not neutralize or incorrectly neutralizes special elements that could modify the intended LDAP query when it is sent to a downstream component. ",,https://cwe.mitre.org/data/definitions/90.html,1037
46,416,Use After Free,Variant,"Referencing memory after it has been freed can cause a program to crash, use unexpected values, or execute code. ","825,415,364,1265,120,123",https://cwe.mitre.org/data/definitions/416.html,5198
47,834,Excessive Iteration,Class,The software performs an iteration or loop without sufficiently limiting the number of times that the loop is executed. ,"835,1322,606,1339,835",https://cwe.mitre.org/data/definitions/834.html,4259
48,617,Reachable Assertion,Base,"The product contains an assert() or similar statement that can be triggered by an attacker, which leads to an application exit or other behavior that is more severe than necessary. ",193,https://cwe.mitre.org/data/definitions/617.html,312
49,88,Improper Neutralization of Argument Delimiters in a Command ('Argument Injection'),Base,"The software constructs a string for a command to executed by a separate component in another control sphere, but it does not properly delimit the intended arguments, options, or switches within that command string. ",,https://cwe.mitre.org/data/definitions/88.html,2390
50,464,Addition of Data Structure Sentinel,Base,The accidental addition of a data-structure sentinel can cause serious programming logic problems. ,"170,463",https://cwe.mitre.org/data/definitions/464.html,131
51,828,Signal Handler with Functionality that is not Asynchronous-Safe,Base,"The software defines a signal handler that contains code sequences that are not asynchronous-safe, i.e., the functionality is not reentrant, or it can be interrupted. ","364,479",https://cwe.mitre.org/data/definitions/828.html,361
52,191,Integer Underflow (Wrap or Wraparound),Base,"The product subtracts one value from another, such that the result is less than the minimum allowable integer value, which produces a value that is not equal to the correct result. ",,https://cwe.mitre.org/data/definitions/191.html,1245
53,99,Improper Control of Resource Identifiers ('Resource Injection'),Class,"The software receives input from an upstream component, but it does not restrict or incorrectly restricts the input before it is used as an identifier for a resource that may be outside the intended sphere of control. ","641,694,914,73",https://cwe.mitre.org/data/definitions/99.html,32
54,758,"Reliance on Undefined, Unspecified, or Implementation-Defined Behavior",Class,"The software uses an API function, data structure, or other entity in a way that relies on properties that are not always guaranteed to hold for that entity. ","474,562,587,588,1102,1103,1105",https://cwe.mitre.org/data/definitions/758.html,1157
55,325,Missing Cryptographic Step,Base,"The product does not implement a required step in a cryptographic algorithm, resulting in weaker encryption than advertised by the algorithm. ",358,https://cwe.mitre.org/data/definitions/325.html,247
56,364,Signal Handler Race Condition,Base,The software uses a signal handler that introduces a race condition. ,"432,828,831,365,123,415,416",https://cwe.mitre.org/data/definitions/364.html,162
57,398,,,,"401,415,416,457,474,475,476,477",https://cwe.mitre.org/data/definitions/398.html,52
58,400,Uncontrolled Resource Consumption,Class,"The software does not properly control the allocation and maintenance of a limited resource, thereby enabling an actor to influence the amount of resources consumed, eventually leading to the exhaustion of available resources. ","770,771,779,920,1235,410,770,920",https://cwe.mitre.org/data/definitions/400.html,12477
59,681,Incorrect Conversion between Numeric Types,Base,"When converting from one data type to another, such as long to integer, data can be omitted or translated in a way that produces unexpected values. If the resulting values are used in a sensitive context, then dangerous behaviors may occur. ","192,194,195,196,197,194,195,196,197,194,195,196,197",https://cwe.mitre.org/data/definitions/681.html,82
60,272,Least Privilege Violation,Base,The elevated privilege level required to perform operations such as chroot() should be dropped immediately after the operation is performed. ,,https://cwe.mitre.org/data/definitions/272.html,63
61,367,Time-of-check Time-of-use (TOCTOU) Race Condition,Base,"The software checks the state of a resource before using that resource, but the resource's state can change between the check and the use in a way that invalidates the results of the check. This can cause the software to perform invalid actions when the resource is in an unexpected state. ","363,365,386,609",https://cwe.mitre.org/data/definitions/367.html,1359
62,467,Use of sizeof() on a Pointer Type,Variant,"The code calls sizeof() on a malloced pointer type, which always returns the wordsize/8. This can produce an unexpected result if the programmer intended to determine how much memory has been allocated. ",131,https://cwe.mitre.org/data/definitions/467.html,176
63,839,Numeric Range Comparison Without Minimum Check,Base,"The program checks a value to ensure that it is less than or equal to a maximum, but it does not also verify that the value is greater than or equal to the minimum. ","124,195",https://cwe.mitre.org/data/definitions/839.html,636
64,665,Improper Initialization,Class,"The software does not initialize or incorrectly initializes a resource, which might leave the resource in an unexpected state when it is accessed or used. ","454,455,770,908,909,1051,1052,1188,1221,1271,1279,908,909,1188,456,457,456,457",https://cwe.mitre.org/data/definitions/665.html,875
65,609,Double-Checked Locking,Base,"The program uses double-checked locking to access a resource without the overhead of explicit synchronization, but the locking is insufficient. ",367,https://cwe.mitre.org/data/definitions/609.html,1302
66,377,Insecure Temporary File,Class,Creating and using insecure temporary files can leave application and system data vulnerable to attack. ,"378,379",https://cwe.mitre.org/data/definitions/377.html,434
67,821,Incorrect Synchronization,Base,"The software utilizes a shared resource in a concurrent manner, but it does not correctly synchronize access to the resource. ","572,574,1088,1264",https://cwe.mitre.org/data/definitions/821.html,2057
68,591,Sensitive Data Storage in Improperly Locked Memory,Variant,"The application stores sensitive data in memory that is not locked, or that has been incorrectly locked, which might cause the memory to be written to swap files on disk by the virtual memory manager. This can make the data more accessible to external actors. ",413,https://cwe.mitre.org/data/definitions/591.html,549
69,666,Operation on Resource in Wrong Phase of Lifetime,Class,"The software performs an operation on a resource at the wrong phase of the resource's lifecycle, which can lead to unexpected behaviors. ","415,593,605,826",https://cwe.mitre.org/data/definitions/666.html,584
70,284,Improper Access Control,Pillar,The software does not restrict or incorrectly restricts access to a resource from an unauthorized actor. ,"346,942,1220,1224,1231,1242,1252,1256,1257,1259,1260,1262,1267,1268,1270,1274,1275,1276,1280,1283,1290,1292,1296,1304,1311,1312,1313,1315,1316,1317,1320,1323,1334,288,639",https://cwe.mitre.org/data/definitions/284.html,91
71,587,Assignment of a Fixed Address to a Pointer,Base,The software sets a pointer to a specific address other than NULL or 0. ,344,https://cwe.mitre.org/data/definitions/587.html,19
72,414,Missing Lock Check,Base,A product does not check to see if a lock is present before performing sensitive operations on a resource. ,,https://cwe.mitre.org/data/definitions/414.html,213
73,256,Plaintext Storage of a Password,Base,Storing a password in plaintext may result in a system compromise. ,,https://cwe.mitre.org/data/definitions/256.html,946
74,390,Detection of Error Condition Without Action,Base,"The software detects a specific error, but takes no actions to handle the error. ","600,401",https://cwe.mitre.org/data/definitions/390.html,123
75,478,Missing Default Case in Switch Statement,Base,"The code does not have a default case in a switch statement, which might lead to complex logical errors and resultant weaknesses. ",,https://cwe.mitre.org/data/definitions/478.html,60
76,468,Incorrect Pointer Scaling,Base,"In C and C++, one may often accidentally refer to the wrong memory due to the semantics of when math operations are implicitly scaled. ",,https://cwe.mitre.org/data/definitions/468.html,53
77,510,Trapdoor,Base,"A trapdoor is a hidden piece of code that responds to a special input, allowing its user access to resources without passing through the normal security enforcement mechanism. ",,https://cwe.mitre.org/data/definitions/510.html,123
78,675,Duplicate Operations on Resource,Class,"The product performs the same operation on a resource two or more times, when the operation should only be applied once. ","174,415,605,764,765,102,586,85",https://cwe.mitre.org/data/definitions/675.html,496
79,321,Use of Hard-coded Cryptographic Key,Variant,The use of a hard-coded cryptographic key significantly increases the possibility that encrypted data may be recovered. ,"798,259,1291,656,798,798",https://cwe.mitre.org/data/definitions/321.html,579
80,765,Multiple Unlocks of a Critical Resource,Base,"The software unlocks a critical resource more times than intended, leading to an unexpected state in the system. ",,https://cwe.mitre.org/data/definitions/765.html,4317
81,824,Access of Uninitialized Pointer,Base,The program accesses or uses a pointer that has not been initialized. ,"125,787",https://cwe.mitre.org/data/definitions/824.html,3807
82,676,Use of Potentially Dangerous Function,Base,"The program invokes a potentially dangerous function that could introduce a vulnerability if it is used incorrectly, but the function can also be used safely. ",785,https://cwe.mitre.org/data/definitions/676.html,34
83,253,Incorrect Check of Function Return Value,Base,"The software incorrectly checks a return value from a function, which prevents the software from detecting errors or exceptional conditions. ",,https://cwe.mitre.org/data/definitions/253.html,364
84,843,Access of Resource Using Incompatible Type ('Type Confusion'),Base,"The program allocates or initializes a resource such as a pointer, object, or variable using one type, but it later accesses that resource using a type that is incompatible with the original type. ",1287,https://cwe.mitre.org/data/definitions/843.html,307
85,426,Untrusted Search Path,Base,The application searches for critical resources using an externally-supplied search path that can point to resources that are not under the application's direct control. ,"427,428",https://cwe.mitre.org/data/definitions/426.html,528
86,479,Signal Handler Use of a Non-reentrant Function,Variant,The program defines a signal handler that calls a non-reentrant function. ,"663,828,123",https://cwe.mitre.org/data/definitions/479.html,615
87,506,Embedded Malicious Code,Class,The application contains code that appears to be malicious in nature. ,"507,510,511,512",https://cwe.mitre.org/data/definitions/506.html,212
88,534,DEPRECATED: Information Exposure Through Debug Log Files,Variant,"This entry has been deprecated because its abstraction was too low-level. See <a href=""/data/definitions/532.html"">CWE-532</a>. ",,https://cwe.mitre.org/data/definitions/534.html,47
89,822,Untrusted Pointer Dereference,Base,"The program obtains a value from an untrusted source, converts this value to a pointer, and dereferences the resulting pointer. ","781,125,787",https://cwe.mitre.org/data/definitions/822.html,162
90,89,Improper Neutralization of Special Elements used in an SQL Command ('SQL Injection'),Base,"The software constructs all or part of an SQL command using externally-influenced input from an upstream component, but it does not neutralize or incorrectly neutralizes special elements that could modify the intended SQL command when it is sent to a downstream component. ","564,456,564,564",https://cwe.mitre.org/data/definitions/89.html,13054
91,806,Buffer Access Using Size of Source Buffer,Variant,"The software uses the size of a source buffer when reading from or writing to a destination buffer, which may cause it to access memory that is outside of the bounds of the buffer. ",805,https://cwe.mitre.org/data/definitions/806.html,1024
92,674,Uncontrolled Recursion,Class,"The product does not properly control the amount of recursion which takes place, consuming excessive resources, such as allocated memory or the program stack. ","776,776",https://cwe.mitre.org/data/definitions/674.html,300
93,120,Buffer Copy without Checking Size of Input ('Classic Buffer Overflow'),Base,"The program copies an input buffer to an output buffer without verifying that the size of the input buffer is less than the size of the output buffer, leading to a buffer overflow. ","785,170,231,416,456,123",https://cwe.mitre.org/data/definitions/120.html,5356
94,805,Buffer Access with Incorrect Length Value,Base,"The software uses a sequential operation to read or write a buffer, but it uses an incorrect length value that causes it to access memory that is outside of the bounds of the buffer. ","806,130",https://cwe.mitre.org/data/definitions/805.html,1941
95,775,Missing Release of File Descriptor or Handle after Effective Lifetime,Variant,"The software does not release a file descriptor or handle after its effective lifetime has ended, i.e., after the file descriptor/handle is no longer needed. ",772,https://cwe.mitre.org/data/definitions/775.html,585
96,495,Private Data Structure Returned From A Public Method,Variant,"The product has a method that is declared public, but returns a reference to a private data structure, which could then be modified in unexpected ways. ",,https://cwe.mitre.org/data/definitions/495.html,1
97,543,Use of Singleton Pattern Without Synchronization in a Multithreaded Context,Variant,The software uses the singleton pattern when creating a resource within a multithreaded environment. ,820,https://cwe.mitre.org/data/definitions/543.html,1243
98,328,Reversible One-Way Hash,Base,"The product uses a hashing algorithm that produces a hash value that can be used to determine the original input, or to find an input that can produce the same hash, more efficiently than brute force techniques. ",,https://cwe.mitre.org/data/definitions/328.html,384
99,123,Write-what-where Condition,Base,"Any condition where the attacker has the ability to write an arbitrary value to an arbitrary location, often as the result of a buffer overflow. ","787,415,120,134,364,416,479,590",https://cwe.mitre.org/data/definitions/123.html,69
100,469,Use of Pointer Subtraction to Determine Size,Base,"The application subtracts one pointer from another in order to determine size, but this calculation can be incorrect if the pointers do not exist in the same memory chunk. ",,https://cwe.mitre.org/data/definitions/469.html,233
101,412,Unrestricted Externally Accessible Lock,Base,"The software properly checks for the existence of a lock, but the lock can be externally controlled or influenced by an actor that is outside of the intended sphere of control. ",410,https://cwe.mitre.org/data/definitions/412.html,1445
102,176,Improper Handling of Unicode Encoding,Variant,The software does not properly handle when an input contains Unicode encoding. ,,https://cwe.mitre.org/data/definitions/176.html,69
103,774,Allocation of File Descriptors or Handles Without Limits or Throttling,Variant,"The software allocates file descriptors or handles on behalf of an actor without imposing any restrictions on how many descriptors can be allocated, in violation of the intended security policy for that actor. ",770,https://cwe.mitre.org/data/definitions/774.html,722
104,663,Use of a Non-reentrant Function in a Concurrent Context,Base,The software calls a non-reentrant function in a concurrent context in which a competing code sequence (e.g. thread or signal handler) may have an opportunity to call the same function or otherwise influence its state. ,"479,558,1265",https://cwe.mitre.org/data/definitions/663.html,669
105,685,Function Call With Incorrect Number of Arguments,Variant,"The software calls a function, procedure, or routine, but the caller specifies too many arguments, or too few arguments, which may lead to undefined behavior and resultant weaknesses. ",628,https://cwe.mitre.org/data/definitions/685.html,39
106,833,Deadlock,Base,"The software contains multiple threads or executable segments that are waiting for each other to release a necessary lock, resulting in deadlock. ",,https://cwe.mitre.org/data/definitions/833.html,2036
107,129,Improper Validation of Array Index,Variant,"The product uses untrusted input when calculating or using an array index, but the product does not validate or incorrectly validates the index to ensure the index references a valid position within the array. ","1285,789,823",https://cwe.mitre.org/data/definitions/129.html,4067
108,835,Loop with Unreachable Exit Condition ('Infinite Loop'),Base,"The program contains an iteration or loop with an exit condition that cannot be reached, i.e., an infinite loop. ",1322,https://cwe.mitre.org/data/definitions/835.html,5026
109,832,Unlock of a Resource that is not Locked,Base,The software attempts to unlock a resource that is not locked. ,,https://cwe.mitre.org/data/definitions/832.html,83
110,363,Race Condition Enabling Link Following,Base,"The software checks the status of a file or directory before accessing it, which produces a race condition in which the file can be replaced with a link before the access is performed, causing the software to access the wrong file. ","367,59",https://cwe.mitre.org/data/definitions/363.html,4986
111,170,Improper Null Termination,Base,The software does not terminate or incorrectly terminates a string or array with a null character or equivalent terminator. ,"463,464,147,193,120,126",https://cwe.mitre.org/data/definitions/170.html,4918
112,785,Use of Path Manipulation Function without Maximum-sized Buffer,Variant,"The software invokes a function for normalizing paths or file names, but it provides an output buffer that is smaller than the maximum possible size, such as PATH_MAX. ","120,676",https://cwe.mitre.org/data/definitions/785.html,2350
113,223,Omission of Security-relevant Information,Base,"The application does not record or display information that would be important for identifying the source or nature of an attack, or determining if an action is safe. ",778,https://cwe.mitre.org/data/definitions/223.html,40
114,484,Omitted Break Statement in Switch,Base,"The program omits a break statement within a switch or similar construct, causing code associated with multiple conditions to execute. This can cause problems when the programmer only intended to execute code associated with one condition. ",,https://cwe.mitre.org/data/definitions/484.html,13
115,459,Incomplete Cleanup,Base,"The software does not properly ""clean up"" and remove temporary or supporting resources after they have been used. ","226,460,568",https://cwe.mitre.org/data/definitions/459.html,2998
116,563,Assignment to Variable without Use,Variant,"The variable's value is assigned but never used, making it a dead store. ",,https://cwe.mitre.org/data/definitions/563.html,22
117,771,Missing Reference to Active Allocated Resource,Base,"The software does not properly maintain a reference to a resource that has been allocated, which prevents the resource from being reclaimed. ",773,https://cwe.mitre.org/data/definitions/771.html,2554
118,188,Reliance on Data/Memory Layout,Base,"The software makes invalid assumptions about how protocol data or memory is organized at a lower level, resulting in unintended program behavior. ","1105,198",https://cwe.mitre.org/data/definitions/188.html,6
119,831,Signal Handler Function Associated with Multiple Signals,Base,The software defines a function that is used as a handler for more than one signal. ,364,https://cwe.mitre.org/data/definitions/831.html,749
120,338,Use of Cryptographically Weak Pseudo-Random Number Generator (PRNG),Base,"The product uses a Pseudo-Random Number Generator (PRNG) in a security context, but the PRNG's algorithm is not cryptographically strong. ",,https://cwe.mitre.org/data/definitions/338.html,5
121,391,Unchecked Error Condition,Base,"[PLANNED FOR DEPRECATION. SEE MAINTENANCE NOTES AND CONSIDER <a href=""/data/definitions/252.html"">CWE-252</a>, <a href=""/data/definitions/248.html"">CWE-248</a>, OR <a href=""/data/definitions/1069.html"">CWE-1069</a>.] Ignoring exceptions and other error conditions may allow an attacker to induce unexpected behavior unnoticed. ",,https://cwe.mitre.org/data/definitions/391.html,5
122,481,Assigning instead of Comparing,Variant,The code uses an operator for assignment when the intention was to perform a comparison. ,480,https://cwe.mitre.org/data/definitions/481.html,10
123,682,Incorrect Calculation,Pillar,The software performs a calculation that generates incorrect or unintended results that are later used in security-critical decisions or resource management. ,"128,131,135,190,191,193,369,467,468,469,1335,1339,681,839,170,131,190,191,193,369,131,369,131,369",https://cwe.mitre.org/data/definitions/682.html,5694
124,672,Operation on a Resource after Expiration or Release,Class,"The software uses, accesses, or otherwise operates on a resource after that resource has been expired, released, or revoked. ","298,324,613,825,910,562,826,911,415,416,613,415,416,415,416",https://cwe.mitre.org/data/definitions/672.html,5
125,820,Missing Synchronization,Base,The software utilizes a shared resource in a concurrent manner but does not attempt to synchronize access to the resource. ,"543,567,1096",https://cwe.mitre.org/data/definitions/820.html,348
126,79,Improper Neutralization of Input During Web Page Generation ('Cross-site Scripting'),Base,The software does not neutralize or incorrectly neutralizes user-controllable input before it is placed in output that is used as a web page that is served to other users. ,"80,81,83,84,85,86,87,494,113,184,494",https://cwe.mitre.org/data/definitions/79.html,633
127,242,Use of Inherently Dangerous Function,Base,The program calls a function that can never be guaranteed to work safely. ,,https://cwe.mitre.org/data/definitions/242.html,34
128,20,Improper Input Validation,Class,"The product receives input or data, but it does not validate or incorrectly validates that the input has the properties that are required to process the data safely and correctly. ","179,622,1173,1284,1285,1286,1287,1288,1289,22,41,770,129,15,73,102,103,104,105,106,107,108,109,110,111,112,113,117,120,134,170,190,466,470,785",https://cwe.mitre.org/data/definitions/20.html,4962
129,667,Improper Locking,Class,"The software does not properly acquire or release a lock on a resource, leading to unexpected resource state changes and behaviors. ","412,413,414,609,764,765,832,833,1232,1233,1234",https://cwe.mitre.org/data/definitions/667.html,39
130,80,Improper Neutralization of Script-Related HTML Tags in a Web Page (Basic XSS),Variant,"The software receives input from an upstream component, but it does not neutralize or incorrectly neutralizes special characters such as ""&lt;"", ""&gt;"", and ""&amp;"" that could be interpreted as web-scripting elements when they are sent to a downstream component that processes web pages. ",79,https://cwe.mitre.org/data/definitions/80.html,1343
131,562,Return of Stack Variable Address,Base,"A function returns the address of a stack variable, which will cause unintended program behavior, typically in the form of a crash. ",825,https://cwe.mitre.org/data/definitions/562.html,6
132,780,Use of RSA Algorithm without OAEP,Variant,"The software uses the RSA algorithm but does not incorporate Optimal Asymmetric Encryption Padding (OAEP), which might weaken the encryption. ",,https://cwe.mitre.org/data/definitions/780.html,114
133,620,Unverified Password Change,Base,"When setting a new password for a user, the product does not require knowledge of the original password, or using another form of authentication. ",,https://cwe.mitre.org/data/definitions/620.html,27
134,22,Improper Limitation of a Pathname to a Restricted Directory ('Path Traversal'),Base,"The software uses external input to construct a pathname that is intended to identify a file or directory that is located underneath a restricted parent directory, but the software does not properly neutralize special elements within the pathname that can cause the pathname to resolve to a location that is outside of the restricted directory. ","23,36,73,23,36,23,36",https://cwe.mitre.org/data/definitions/22.html,25
135,615,Inclusion of Sensitive Information in Source Code Comments,Variant,"While adding general comments is very useful, some programmers tend to leave important data, such as: filenames related to the web application, old links or links which were not meant to be browsed by users, old code fragments, etc. ","540,546",https://cwe.mitre.org/data/definitions/615.html,10
136,511,Logic/Time Bomb,Base,"The software contains code that is designed to disrupt the legitimate operation of the software (or its environment) when a certain time passes, or when a certain logical condition is met. ",,https://cwe.mitre.org/data/definitions/511.html,10
137,222,Truncation of Security-relevant Information,Base,"The application truncates the display, recording, or processing of security-relevant information in a way that can obscure the source or nature of an attack. ",,https://cwe.mitre.org/data/definitions/222.html,10
138,526,Exposure of Sensitive Information Through Environmental Variables,Variant,Environmental variables may contain sensitive information about a remote server. ,497,https://cwe.mitre.org/data/definitions/526.html,2
139,396,Declaration of Catch for Generic Exception,Base,Catching overly broad exceptions promotes complex error handling code that is more likely to contain security vulnerabilities. ,,https://cwe.mitre.org/data/definitions/396.html,1
140,489,Active Debug Code,Base,"The application is deployed to unauthorized actors with debugging code still enabled or active, which can create unintended entry points or expose sensitive information. ","11,215",https://cwe.mitre.org/data/definitions/489.html,2
141,571,Expression is Always True,Base,The software contains an expression that will always evaluate to true. ,561,https://cwe.mitre.org/data/definitions/571.html,2
142,362,Concurrent Execution using Shared Resource with Improper Synchronization ('Race Condition'),Class,"The program contains a code sequence that can run concurrently with other code, and the code sequence requires temporary, exclusive access to a shared resource, but a timing window exists in which the shared resource can be modified by another code sequence that is operating concurrently. ","364,366,367,368,421,1223,1298,367",https://cwe.mitre.org/data/definitions/362.html,712
143,189,,,,"128,190,191,192,193,197,198,369,681,839,1077,1339",https://cwe.mitre.org/data/definitions/189.html,4134
144,264,,,,,https://cwe.mitre.org/data/definitions/264.html,1030
145,399,,,,"73,403,410,470,502,619,641,694,763,770,771,772,826,908,909,910,911,914,915,920,1188",https://cwe.mitre.org/data/definitions/399.html,12329
146,200,Exposure of Sensitive Information to an Unauthorized Actor,Class,The product exposes sensitive information to an actor that is not explicitly authorized to have access to that information. ,"201,203,209,213,215,359,497,538,1258,1273,1295,498,499,1272,203,209,532",https://cwe.mitre.org/data/definitions/200.html,3605
147,772,Missing Release of Resource after Effective Lifetime,Base,"The software does not release a resource after its effective lifetime has ended, i.e., after the resource is no longer needed. ","401,775,1091,911",https://cwe.mitre.org/data/definitions/772.html,1752
148,310,,,,"261,324,325,328,331,334,335,338,347,916,1240",https://cwe.mitre.org/data/definitions/310.html,310
149,254,,,,"256,258,259,260,261,272,359,798",https://cwe.mitre.org/data/definitions/254.html,733
150,94,Improper Control of Generation of Code ('Code Injection'),Base,"The software constructs all or part of a code segment using externally-influenced input from an upstream component, but it does not neutralize or incorrectly neutralizes special elements that could modify the syntax or behavior of the intended code segment. ","95,96,1336,98",https://cwe.mitre.org/data/definitions/94.html,2408
151,269,Improper Privilege Management,Class,"The software does not properly assign, modify, track, or check privileges for an actor, creating an unintended sphere of control for that actor. ","250,266,267,268,270,274,648",https://cwe.mitre.org/data/definitions/269.html,147
152,909,Missing Initialization of Resource,Base,The software does not initialize a critical resource. ,"456,908",https://cwe.mitre.org/data/definitions/909.html,42
153,59,Improper Link Resolution Before File Access ('Link Following'),Base,"The software attempts to access a file based on the filename, but it does not properly prevent that filename from identifying a link or shortcut that resolves to an unintended resource. ","62,64,65,73,363",https://cwe.mitre.org/data/definitions/59.html,231
154,255,,,,"256,257,260,261,262,263,324,521,523,549,620,640,798,916",https://cwe.mitre.org/data/definitions/255.html,155
155,787,Out-of-bounds Write,Base,"The software writes data past the end, or before the beginning, of the intended buffer. ","121,122,123,124,822,823,824,825",https://cwe.mitre.org/data/definitions/787.html,1465
156,193,Off-by-one Error,Base,"A product calculates or uses an incorrect maximum or minimum value that is 1 more, or 1 less, than the correct value. ","170,617",https://cwe.mitre.org/data/definitions/193.html,49
157,125,Out-of-bounds Read,Base,"The software reads data past the end, or before the beginning, of the intended buffer. ","126,127,822,823,824,825",https://cwe.mitre.org/data/definitions/125.html,1184
158,704,Incorrect Type Conversion or Cast,Class,"The software does not correctly convert an object, resource, or structure from one type to a different type. ","588,681,843,681,843",https://cwe.mitre.org/data/definitions/704.html,40
159,17,,,,,https://cwe.mitre.org/data/definitions/17.html,276
160,326,Inadequate Encryption Strength,Class,"The software stores or transmits sensitive data using an encryption scheme that is theoretically sound, but is not strong enough for the level of protection required. ","261,328",https://cwe.mitre.org/data/definitions/326.html,8
161,16,,,,,https://cwe.mitre.org/data/definitions/16.html,11
162,352,Cross-Site Request Forgery (CSRF),Compound,"The web application does not, or can not, sufficiently verify whether a well-formed, valid, consistent request was intentionally provided by the user who submitted the request. ","346,613,79,1275",https://cwe.mitre.org/data/definitions/352.html,23
163,347,Improper Verification of Cryptographic Signature,Base,"The software does not verify, or incorrectly verifies, the cryptographic signature for data. ",,https://cwe.mitre.org/data/definitions/347.html,44
164,346,Origin Validation Error,Base,The software does not properly verify that the source of data or communication is valid. ,,https://cwe.mitre.org/data/definitions/346.html,4
165,754,Improper Check for Unusual or Exceptional Conditions,Class,The software does not check or incorrectly checks for unusual or exceptional conditions that are not expected to occur frequently during day to day operation of the software. ,"252,253,273,354,391,394,476,252,273,476",https://cwe.mitre.org/data/definitions/754.html,26
